{"right_direction_0": -0.24305694113963944, "right_direction_1": 0.3159582628887499, "right_direction_2": -0.8119890520768105, "right_palmPosition_0": 140.88761125266188, "right_palmPosition_1": 202.1283059446871, "right_palmPosition_2": 77.90248193226893, "right_pinchDistance": 47.88070372709248, "right_grabAngle": 1.6727385831768176, "left_direction_0": 0.2908510179503245, "left_direction_1": 0.3615028094343574, "left_direction_2": -0.7662035657482799, "left_palmPosition_0": -130.47220660029276, "left_palmPosition_1": 206.5919945477977, "left_palmPosition_2": 81.89139638040064, "left_pinchDistance": 49.80040755405982, "left_grabAngle": 1.6502350127322354, "f1_f1": 202.57819876821503, "f2_f2": 215.9005941587549, "f3_f3": 234.29178991067562, "f4_f4": 254.60523051193954, "f5_f5": 273.51461371356106, "left_f1_2": 62.9444642155557, "left_f1_p": 72.75096781211344, "left_f1_p_plain": 35.01742764726458, "left_f2_3": 35.43327501461111, "left_f2_p": 82.00611772653512, "left_f2_p_plain": 30.965268195348845, "left_f3_4": 31.446691569022917, "left_f3_p": 81.15157663999734, "left_f3_p_plain": 34.247212519979634, "left_f4_5": 29.43419865584556, "left_f4_p": 72.62101889273717, "left_f4_p_plain": 32.99787186407642, "left_f5_p": 66.25300221834043, "left_f5_p_plain": 28.88083029019899, "palm_distance": 278.9147435260928, "right_f1_2": 59.553063315285556, "right_f1_p": 72.73229035274316, "right_f1_p_plain": 37.60625477233102, "right_f2_3": 33.73302292516685, "right_f2_p": 79.3919952642333, "right_f2_p_plain": 32.69428268425447, "right_f3_4": 31.046863681848865, "right_f3_p": 80.94774155689022, "right_f3_p_plain": 33.78268518061585, "right_f4_5": 29.629150190136457, "right_f4_p": 72.2700866773832, "right_f4_p_plain": 31.801209479567547, "right_f5_p": 65.24838855328657, "right_f5_p_plain": 27.282481616040414}