{"left_index_tipPosition_0": -76.54299064349252, "left_index_tipPosition_1": 246.128499479935, "left_index_tipPosition_2": 49.46327153023433, "left_middle_tipPosition_0": -82.83083603566756, "left_middle_tipPosition_1": 226.41190101131505, "left_middle_tipPosition_2": 56.78378342833168, "left_ring_tipPosition_0": -94.32044288978189, "left_ring_tipPosition_1": 210.70858186917286, "left_ring_tipPosition_2": 58.33943924104841, "left_pinky_tipPosition_0": -104.97418744129429, "left_pinky_tipPosition_1": 200.6287379309359, "left_pinky_tipPosition_2": 57.590482552767874, "left_thumb_tipPosition_0": -81.1620484573261, "left_thumb_tipPosition_1": 229.09216838193504, "left_thumb_tipPosition_2": 95.28718827507461, "left_palmVelocity_0": -0.051733597135379325, "left_palmVelocity_1": 1.1256538111790029, "left_palmVelocity_2": -1.1186568240000005, "left_palmNormal_0": 0.6113211153886572, "left_palmNormal_1": -0.5150855706899499, "left_palmNormal_2": -0.07510770686462767, "left_palmPosition_0": -119.7466851875985, "left_palmPosition_1": 223.12552339985592, "left_palmPosition_2": 91.93233098047305, "left_direction_0": 0.29214221627947806, "left_direction_1": 0.48385071860261636, "left_direction_2": -0.7593675173100582, "left_pinchDistance": 48.09259937788605, "left_grabAngle": 1.8395590179214314, "left_wrist_0": -147.1745651838918, "left_wrist_1": 186.32094379504287, "left_wrist_2": 139.9202871886797, "right_index_tipPosition_0": 21.683727820541474, "right_index_tipPosition_1": 254.35751196988784, "right_index_tipPosition_2": 51.83222009072505, "right_middle_tipPosition_0": 31.702388871825406, "right_middle_tipPosition_1": 231.307408303233, "right_middle_tipPosition_2": 64.27671566658513, "right_ring_tipPosition_0": 42.05704168216632, "right_ring_tipPosition_1": 214.70463108971296, "right_ring_tipPosition_2": 62.25130574333618, "right_pinky_tipPosition_0": 54.53824788422748, "right_pinky_tipPosition_1": 201.55750532289937, "right_pinky_tipPosition_2": 61.33453302819209, "right_thumb_tipPosition_0": 23.55446930924015, "right_thumb_tipPosition_1": 233.6064680072327, "right_thumb_tipPosition_2": 104.0151187066197, "right_palmVelocity_0": 0.20062171367685633, "right_palmVelocity_1": 0.5036146926113595, "right_palmVelocity_2": -0.009276783895195744, "right_palmNormal_0": -0.6176538540436659, "right_palmNormal_1": -0.5252261472489096, "right_palmNormal_2": -0.1028096231615716, "right_palmPosition_0": 65.9199542883496, "right_palmPosition_1": 221.94897933774558, "right_palmPosition_2": 99.26712348684777, "right_direction_0": -0.29928831206986595, "right_direction_1": 0.5158096549869007, "right_direction_2": -0.7190092995283902, "right_pinchDistance": 51.70802368775557, "right_grabAngle": 1.73510606099564, "right_wrist_0": 93.07550107724039, "right_wrist_1": 182.64290308401635, "right_wrist_2": 144.50554640834915, "f1_f1": 113.30915132419638, "f2_f2": 118.2681501336138, "f3_f3": 132.03855451317702, "f4_f4": 146.15004120547022, "f5_f5": 164.20688555026953, "left_f1_2": 56.61956701911999, "left_f1_p": 65.04338337367457, "left_f1_p_plain": 41.083677237627484, "left_f2_3": 39.75939588341935, "left_f2_p": 82.80351256943214, "left_f2_p_plain": 30.210957546706915, "left_f3_4": 26.01734326907074, "left_f3_p": 70.4950878750383, "left_f3_p_plain": 32.40276371940912, "left_f4_5": 23.042411451059113, "left_f4_p": 62.12569973678807, "left_f4_p_plain": 31.453502178913702, "left_f5_p": 55.501016881275, "left_f5_p_plain": 27.292945820853436, "palm_distance": 188.05975840173585, "right_f1_2": 62.293976726568026, "right_f1_p": 65.24157357632697, "right_f1_p_plain": 38.24620286340241, "right_f2_3": 46.90572245190291, "right_f2_p": 87.56351788907597, "right_f2_p_plain": 26.063127115632756, "right_f3_4": 25.094357366640804, "right_f3_p": 70.8647617582821, "right_f3_p_plain": 28.507441883514954, "right_f4_5": 25.075226766739046, "right_f4_p": 64.70059145276453, "right_f4_p_plain": 29.31412530416395, "right_f5_p": 57.80504271164223, "right_f5_p_plain": 26.47520997137809}