{"right_palmPosition_0": 137.8302041827639, "right_palmPosition_1": 236.5170039446507, "right_palmPosition_2": 65.40381334546815, "right_pinchDistance": 58.473658250371535, "right_grabAngle": 1.6775498194650849, "left_palmPosition_0": -67.31002357243707, "left_palmPosition_1": 242.99689333618136, "left_palmPosition_2": 65.95843374294216, "left_pinchDistance": 54.85412553640421, "left_grabAngle": 1.8111409320208014, "f1_f1": 114.084575678237, "f2_f2": 121.4292121188034, "f3_f3": 134.49659451524508, "f4_f4": 146.1240993420635, "f5_f5": 159.77186892651233, "left_f1_2": 65.21051221747203, "left_f1_p": 70.46549356973448, "left_f1_p_plain": 44.421801127543375, "left_f2_3": 58.205441246935315, "left_f2_p": 95.32698823828521, "left_f2_p_plain": 25.841026106070494, "left_f3_4": 25.59967380587566, "left_f3_p": 73.95595054413175, "left_f3_p_plain": 27.59610348713492, "left_f4_5": 27.155436405116028, "left_f4_p": 67.95946032147495, "left_f4_p_plain": 30.18245281676545, "left_f5_p": 60.65168914462993, "left_f5_p_plain": 27.50470743692895, "palm_distance": 206.88253228554117, "right_f1_2": 69.90532624734008, "right_f1_p": 68.03833744441835, "right_f1_p_plain": 45.82610249945643, "right_f2_3": 52.86318784858809, "right_f2_p": 94.80890704515933, "right_f2_p_plain": 25.40706578225798, "right_f3_4": 28.81218847147219, "right_f3_p": 78.72552931005039, "right_f3_p_plain": 33.43004356853156, "right_f4_5": 26.647077599882188, "right_f4_p": 70.47433649622948, "right_f4_p_plain": 33.624832679362456, "right_f5_p": 62.325223471564875, "right_f5_p_plain": 29.22114709686128}