{"left_palmPosition_0": -216.60885980353373, "left_palmPosition_1": 193.77783546339913, "left_palmPosition_2": 37.838144908498116, "left_pinchDistance": 35.09925367017251, "left_grabAngle": 1.4805102839713933, "right_palmPosition_0": 89.92705103660064, "right_palmPosition_1": 230.3781934089186, "right_palmPosition_2": 31.62919655321832, "right_pinchDistance": 43.065453951198855, "right_grabAngle": 2.0635227086664125, "f1_f1": 201.9076741799143, "f2_f2": 224.9183626573052, "f3_f3": 247.7367225196451, "f4_f4": 291.49225450221553, "f5_f5": 331.94124444899967, "left_f1_2": 35.307164104657666, "left_f1_p": 71.77514466498539, "left_f1_p_plain": 44.85754344020004, "left_f2_3": 20.45913255856822, "left_f2_p": 81.74750219655812, "left_f2_p_plain": 53.900644622244556, "left_f3_4": 28.54895639673284, "left_f3_p": 88.33243895062648, "left_f3_p_plain": 57.51357198839079, "left_f4_5": 31.884276394176904, "left_f4_p": 85.27638441231085, "left_f4_p_plain": 49.70393808650246, "left_f5_p": 77.42421286115577, "left_f5_p_plain": 38.85997343786238, "palm_distance": 310.3383213275903, "right_f1_2": 59.872965284905696, "right_f1_p": 68.04235323640609, "right_f1_p_plain": 34.647731089699825, "right_f2_3": 31.06979645042417, "right_f2_p": 72.8473344356093, "right_f2_p_plain": 31.54292991557504, "right_f3_4": 31.770195893973895, "right_f3_p": 69.51004821360473, "right_f3_p_plain": 36.199134979749964, "right_f4_5": 22.51914054269388, "right_f4_p": 58.52850186778602, "right_f4_p_plain": 34.28024752185867, "right_f5_p": 54.591106496922876, "right_f5_p_plain": 30.155745861350688}