{"left_index_tipPosition_0": -80.46135382677184, "left_index_tipPosition_1": 242.89573691644762, "left_index_tipPosition_2": 46.55326175940507, "left_middle_tipPosition_0": -87.10553419757944, "left_middle_tipPosition_1": 223.3776398180229, "left_middle_tipPosition_2": 54.56646761213177, "left_ring_tipPosition_0": -97.08217790609451, "left_ring_tipPosition_1": 208.92332053178677, "left_ring_tipPosition_2": 55.27719632429264, "left_pinky_tipPosition_0": -108.08715673490813, "left_pinky_tipPosition_1": 198.4305803845139, "left_pinky_tipPosition_2": 55.44504707334484, "left_thumb_tipPosition_0": -84.32306635943412, "left_thumb_tipPosition_1": 226.55036377442374, "left_thumb_tipPosition_2": 91.55419843467433, "left_palmVelocity_0": 0.4123365333916603, "left_palmVelocity_1": 1.2972756644794383, "left_palmVelocity_2": -0.1202747885680959, "left_pinchDistance": 47.10424480941978, "left_grabAngle": 1.8379051669583015, "left_direction_0": 0.2768034539224266, "right_index_tipPosition_0": 21.675792207209703, "right_index_tipPosition_1": 254.35436132262114, "right_index_tipPosition_2": 51.824491642727196, "right_middle_tipPosition_0": 31.695294688416933, "right_middle_tipPosition_1": 231.30979396353194, "right_middle_tipPosition_2": 64.26903689213344, "right_ring_tipPosition_0": 42.04953411205786, "right_ring_tipPosition_1": 214.71219568436493, "right_ring_tipPosition_2": 62.239278003772604, "right_pinky_tipPosition_0": 54.53115456350405, "right_pinky_tipPosition_1": 201.55189968338595, "right_pinky_tipPosition_2": 61.32434282534569, "right_thumb_tipPosition_0": 23.549768840436002, "right_thumb_tipPosition_1": 233.59592662791712, "right_thumb_tipPosition_2": 104.00933334707288, "right_palmVelocity_0": 0.39393979712170074, "right_palmVelocity_1": 0.927518110800612, "right_palmVelocity_2": -0.052194874388710434, "right_pinchDistance": 51.7002085942436, "right_grabAngle": 1.734722331423794, "right_direction_0": -0.2992581078664245}