{"left_palmPosition_0": -124.8885681982213, "left_palmPosition_1": 251.85629763370707, "left_palmPosition_2": 106.7725668217225, "left_pinchDistance": 53.51687968071168, "left_grabAngle": 1.8325779210674278, "right_palmPosition_0": 88.38675125646068, "right_palmPosition_1": 259.55831000374593, "right_palmPosition_2": 80.22759612490619, "right_pinchDistance": 55.79350907162939, "right_grabAngle": 1.8341402096441977, "f1_f1": 124.94874580894493, "f2_f2": 135.5217669233532, "f3_f3": 148.67079626166768, "f4_f4": 157.18208675409173, "f5_f5": 168.32461596571252, "left_f1_2": 62.73068527425983, "left_f1_p": 68.82721525074146, "left_f1_p_plain": 47.884558778291165, "left_f2_3": 54.07009121561261, "left_f2_p": 93.58204986414657, "left_f2_p_plain": 32.38490016002064, "left_f3_4": 25.910920456979753, "left_f3_p": 75.38014174564881, "left_f3_p_plain": 33.138462788256646, "left_f4_5": 26.39592669781633, "left_f4_p": 67.93051317232205, "left_f4_p_plain": 33.66158072061314, "left_f5_p": 59.32638091379557, "left_f5_p_plain": 29.809585439097702, "left_wrist_angle": 0.046256807086006456, "palm_angle": -0.3516526085087858, "palm_distance": 216.6960995387186, "palm_velocity": 98.71756042454857, "right_f1_2": 66.10082393719593, "right_f1_p": 70.25294565337975, "right_f1_p_plain": 46.67459625356324, "right_f2_3": 57.92186697425179, "right_f2_p": 95.48320136475833, "right_f2_p_plain": 27.309533781280457, "right_f3_4": 26.642411283197156, "right_f3_p": 74.96095229955554, "right_f3_p_plain": 28.98010235864718, "right_f4_5": 27.65933381814093, "right_f4_p": 68.07387273719421, "right_f4_p_plain": 32.382518343592054, "right_f5_p": 61.06514574650155, "right_f5_p_plain": 29.04856431022494, "right_wrist_angle": -0.03392431055299974}