{"left_palmPosition_0": 31.6693976672208, "left_palmPosition_1": 15.529063153613683, "left_palmPosition_2": 18.723666244508298, "left_pinchDistance": 4.41812709732002, "left_grabAngle": 0.1739856091738791, "right_palmPosition_0": 23.291992051319987, "right_palmPosition_1": 22.27240170808717, "right_palmPosition_2": 21.83417811392774, "right_pinchDistance": 20.561847949745477, "right_grabAngle": 0.9537434750253236, "f1_f1": 55.174870024783395, "f2_f2": 48.07564910358859, "f3_f3": 45.336252966709125, "f4_f4": 43.2057570651415, "f5_f5": 41.814664734477724, "left_f1_2": 4.580158005542296, "left_f1_p": 1.6068440918221816, "left_f1_p_plain": 2.4564390860457332, "left_f2_3": 3.7813219269464597, "left_f2_p": 2.9379522307753945, "left_f2_p_plain": 1.7114126133032443, "left_f3_4": 2.493309193431272, "left_f3_p": 4.444210859356633, "left_f3_p_plain": 3.987097246464976, "left_f4_5": 2.241109846624324, "left_f4_p": 4.041025471858495, "left_f4_p_plain": 5.271849123001366, "left_f5_p": 3.4617298676600754, "left_f5_p_plain": 3.9414784034175034, "palm_distance": 38.50467954956967, "right_f1_2": 20.35150826352286, "right_f1_p": 14.934427278445291, "right_f1_p_plain": 14.16252708122835, "right_f2_3": 26.964399826207764, "right_f2_p": 24.98762275276258, "right_f2_p_plain": 14.859893248043925, "right_f3_4": 29.569405295971993, "right_f3_p": 29.60411662401738, "right_f3_p_plain": 14.303416296936048, "right_f4_5": 8.856462074528816, "right_f4_p": 26.884861501159445, "right_f4_p_plain": 12.025639719986229, "right_f5_p": 21.946600244101077, "right_f5_p_plain": 8.936676959146551}