{"right_palmNormal_0": 0.153692597791516, "right_palmNormal_1": 0.27704183843938956, "right_palmNormal_2": 0.23039141886597816, "right_direction_0": 0.19624950295695234, "right_direction_1": 0.22545110899201418, "right_direction_2": 0.21484719936246596, "right_palmPosition_0": 55.51214981483845, "right_palmPosition_1": 45.46946320917409, "right_palmPosition_2": 24.989084307657883, "right_pinchDistance": 20.18438504467379, "right_grabAngle": 1.0183977701592524, "left_palmNormal_0": 0.17763512816751426, "left_palmNormal_1": 0.22849225684869345, "left_palmNormal_2": 0.2778777451837002, "left_direction_0": 0.23532235492099562, "left_direction_1": 0.17347106780116986, "left_direction_2": 0.2015363960129735, "left_palmPosition_0": 39.93077501170717, "left_palmPosition_1": 41.739141313766595, "left_palmPosition_2": 22.83858621248161, "left_pinchDistance": 22.108603686266182, "left_grabAngle": 1.1326565784661364, "f1_f1": 101.87291958089453, "f2_f2": 111.67243575019678, "f3_f3": 112.319053362985, "f4_f4": 117.49650107636383, "f5_f5": 124.94914139243447, "left_f1_2": 26.249037766807547, "left_f1_p": 9.736912776668216, "left_f1_p_plain": 15.537689835778034, "left_f2_3": 36.76773371997789, "left_f2_p": 11.755316482669603, "left_f2_p_plain": 22.88367510583518, "left_f3_4": 13.170466115788841, "left_f3_p": 33.63518493873974, "left_f3_p_plain": 21.6681926902772, "left_f4_5": 11.820888543854409, "left_f4_p": 29.64593253597904, "left_f4_p_plain": 20.750720403386236, "left_f5_p": 23.721448605587163, "left_f5_p_plain": 16.53540681578314, "palm_distance": 89.3224710803569, "right_f1_2": 26.285362875762353, "right_f1_p": 14.380801136207705, "right_f1_p_plain": 15.006099696965094, "right_f2_3": 33.22244922322336, "right_f2_p": 10.376415756283153, "right_f2_p_plain": 22.008831293452733, "right_f3_4": 15.140281410960448, "right_f3_p": 30.22012635874523, "right_f3_p_plain": 22.976036737724012, "right_f4_5": 10.662029721252349, "right_f4_p": 27.80376781491108, "right_f4_p_plain": 21.881063943580767, "right_f5_p": 22.347652127829885, "right_f5_p_plain": 17.822310844872224}