{"left_palmPosition_0": 71.1441767441081, "left_palmPosition_1": 51.29482288058135, "left_palmPosition_2": 31.56643113363294, "left_pinchDistance": 24.300742123507025, "left_grabAngle": 1.0754233765332508, "right_palmPosition_0": 53.22443262209773, "right_palmPosition_1": 48.68549102986004, "right_palmPosition_2": 29.762385575208572, "right_pinchDistance": 23.922823736146647, "right_grabAngle": 1.0930803880434303, "f1_f1": 124.79919237696603, "f2_f2": 131.65395456830402, "f3_f3": 130.59751638635979, "f4_f4": 135.40584702868466, "f5_f5": 142.52311615210232, "left_f1_2": 28.836553635948505, "left_f1_p": 14.817393680752255, "left_f1_p_plain": 17.405441347174705, "left_f2_3": 32.582377670385554, "left_f2_p": 12.574004067109719, "left_f2_p_plain": 22.436111953644, "left_f3_4": 12.826085683180763, "left_f3_p": 31.678236456866543, "left_f3_p_plain": 22.7603942652944, "left_f4_5": 12.016031547456652, "left_f4_p": 28.552053463498186, "left_f4_p_plain": 22.254853677634983, "left_f5_p": 22.892561536056398, "left_f5_p_plain": 17.718350583594717, "left_wrist_angle": 0.15648040679791272, "palm_angle": 0.44326644641087903, "palm_distance": 110.62972604861837, "palm_velocity": 139.1274400395017, "right_f1_2": 27.557580325137, "right_f1_p": 10.974301994076656, "right_f1_p_plain": 16.27852761719948, "right_f2_3": 35.271287447665856, "right_f2_p": 12.258965806237008, "right_f2_p_plain": 23.818273747326216, "right_f3_4": 14.326576337427689, "right_f3_p": 33.30118135504545, "right_f3_p_plain": 22.20749165716857, "right_f4_5": 12.018862459033363, "right_f4_p": 29.078072974348245, "right_f4_p_plain": 21.056794058713436, "right_f5_p": 23.395968304080508, "right_f5_p_plain": 16.4371683353383, "right_wrist_angle": 0.18578537215872748}