{"right_direction_0": 0.2629408943860976, "right_direction_1": 0.2457537188379362, "right_direction_2": 0.22859052725647036, "right_palmPosition_0": 60.29998037818879, "right_palmPosition_1": 44.98760226852113, "right_palmPosition_2": 39.92991867972176, "right_pinchDistance": 24.133496266580615, "right_grabAngle": 1.047461710526578, "left_direction_0": 0.2774267352320353, "left_direction_1": 0.27204155967791344, "left_direction_2": 0.2161063104889535, "left_palmPosition_0": 70.47952298046172, "left_palmPosition_1": 44.4664582583084, "left_palmPosition_2": 35.10623353104944, "left_pinchDistance": 23.66021064588277, "left_grabAngle": 1.0521670211313126, "f1_f1": 128.34037477560722, "f2_f2": 131.0890382710823, "f3_f3": 130.1478823931473, "f4_f4": 135.1848732403854, "f5_f5": 142.0754631870779, "left_f1_2": 26.011723909096087, "left_f1_p": 11.036886616779034, "left_f1_p_plain": 19.034589979404828, "left_f2_3": 23.503207563834227, "left_f2_p": 21.6813967308867, "left_f2_p_plain": 19.866393570976438, "left_f3_4": 20.77684665419451, "left_f3_p": 27.34352127914007, "left_f3_p_plain": 20.717661747497402, "left_f4_5": 14.019382557953042, "left_f4_p": 26.764576508812798, "left_f4_p_plain": 18.91606652413361, "left_f5_p": 22.241968201416075, "left_f5_p_plain": 14.786715596691728, "palm_distance": 116.49614865905912, "right_f1_2": 26.387359197369985, "right_f1_p": 10.33528615902741, "right_f1_p_plain": 18.386967637493512, "right_f2_3": 22.761665028620172, "right_f2_p": 21.158127319785, "right_f2_p_plain": 18.951430712630334, "right_f3_4": 19.50213831319644, "right_f3_p": 26.7151872646016, "right_f3_p_plain": 21.05639271154504, "right_f4_5": 14.587474169510367, "right_f4_p": 25.915582519061964, "right_f4_p_plain": 20.66788912047658, "right_f5_p": 21.63357272734746, "right_f5_p_plain": 16.772721961417844}