{"left_index_tipPosition_0": 61.685980120256104, "left_index_tipPosition_1": 66.21853958769283, "left_index_tipPosition_2": 37.457794660569235, "left_middle_tipPosition_0": 61.029483833029566, "left_middle_tipPosition_1": 59.08652824098277, "left_middle_tipPosition_2": 48.27075496083732, "left_ring_tipPosition_0": 59.883549472596144, "left_ring_tipPosition_1": 51.7795305570619, "left_ring_tipPosition_2": 50.636384154720936, "left_pinky_tipPosition_0": 58.03384597680293, "left_pinky_tipPosition_1": 45.158096877018906, "left_pinky_tipPosition_2": 44.02201550990194, "left_thumb_tipPosition_0": 57.074952351442285, "left_thumb_tipPosition_1": 52.54117677172526, "left_thumb_tipPosition_2": 43.3497095494506, "left_palmVelocity_0": 121.99390544657246, "left_palmVelocity_1": 84.52668929663976, "left_palmVelocity_2": 47.095604834150905, "left_pinchDistance": 25.32274478854264, "left_grabAngle": 1.129344169742811, "left_direction_0": 0.20594851147079443, "right_index_tipPosition_0": 57.127340249796326, "right_index_tipPosition_1": 64.5953278882531, "right_index_tipPosition_2": 35.78695852809589, "right_middle_tipPosition_0": 58.046506231184594, "right_middle_tipPosition_1": 60.99690388518009, "right_middle_tipPosition_2": 51.490553090461724, "right_ring_tipPosition_0": 57.52719196561586, "right_ring_tipPosition_1": 52.553691899534684, "right_ring_tipPosition_2": 53.46961974429704, "right_pinky_tipPosition_0": 54.07777750069862, "right_pinky_tipPosition_1": 45.00796348480529, "right_pinky_tipPosition_2": 47.50031347467338, "right_thumb_tipPosition_0": 49.15153333590534, "right_thumb_tipPosition_1": 52.163833711916645, "right_thumb_tipPosition_2": 40.21471927357373, "right_palmVelocity_0": 123.32757247725615, "right_palmVelocity_1": 82.89957112891882, "right_palmVelocity_2": 40.30608606350394, "right_pinchDistance": 22.697383333741566, "right_grabAngle": 1.13866750116499, "right_direction_0": 0.23631754090147183}