{"left_index_tipPosition_0": 63.24236567057334, "left_index_tipPosition_1": 66.64839616152935, "left_index_tipPosition_2": 39.23117970844896, "left_middle_tipPosition_0": 63.16951669189629, "left_middle_tipPosition_1": 59.635431255172364, "left_middle_tipPosition_2": 48.44121681976389, "left_ring_tipPosition_0": 60.09872332460619, "left_ring_tipPosition_1": 51.403036759133194, "left_ring_tipPosition_2": 51.693227037967674, "left_pinky_tipPosition_0": 58.77779028787796, "left_pinky_tipPosition_1": 45.43674415017344, "left_pinky_tipPosition_2": 44.28670403154631, "left_thumb_tipPosition_0": 57.90496116169089, "left_thumb_tipPosition_1": 52.88092456379426, "left_thumb_tipPosition_2": 46.061903909611225, "left_palmVelocity_0": 117.35682860971951, "left_palmVelocity_1": 80.98808398501423, "left_palmVelocity_2": 42.54430677671597, "left_palmNormal_0": 0.33348762043129027, "left_palmNormal_1": 0.3771231734815967, "left_palmNormal_2": 0.3192314654664315, "left_palmPosition_0": 45.378853239189546, "left_palmPosition_1": 40.656442581678455, "left_palmPosition_2": 26.005023211767032, "left_direction_0": 0.21468925638281147, "left_direction_1": 0.16758364963283826, "left_direction_2": 0.17242467955104682, "left_pinchDistance": 25.221029896668206, "left_grabAngle": 1.1052731704365977, "left_wrist_0": 37.37562590099748, "left_wrist_1": 35.755482746284024, "left_wrist_2": 26.096983951152975, "right_index_tipPosition_0": 57.1317535993389, "right_index_tipPosition_1": 64.60872141835657, "right_index_tipPosition_2": 35.78877894441033, "right_middle_tipPosition_0": 58.04977794627438, "right_middle_tipPosition_1": 61.0091452674974, "right_middle_tipPosition_2": 51.487874719260915, "right_ring_tipPosition_0": 57.51389154187549, "right_ring_tipPosition_1": 52.55797871777337, "right_ring_tipPosition_2": 53.47491937587306, "right_pinky_tipPosition_0": 54.05650829515191, "right_pinky_tipPosition_1": 45.02658695289963, "right_pinky_tipPosition_2": 47.506407327880986, "right_thumb_tipPosition_0": 49.15760882684751, "right_thumb_tipPosition_1": 52.178729363521626, "right_thumb_tipPosition_2": 40.212407839715944, "right_palmVelocity_0": 121.51384127374347, "right_palmVelocity_1": 83.33427104376375, "right_palmVelocity_2": 41.6183940396546, "right_palmNormal_0": 0.33360864214684616, "right_palmNormal_1": 0.3471360765987266, "right_palmNormal_2": 0.3166777716945232, "right_palmPosition_0": 41.599796709854715, "right_palmPosition_1": 38.667848788930044, "right_palmPosition_2": 22.234983843589326, "right_direction_0": 0.23633617009755442, "right_direction_1": 0.1882409587471567, "right_direction_2": 0.19001984107888775, "right_pinchDistance": 22.69773514206118, "right_grabAngle": 1.1385008750821244, "right_wrist_0": 34.561222309106064, "right_wrist_1": 35.42819059340893, "right_wrist_2": 22.875381576995107, "f1_f1": 100.17477167382638, "f2_f2": 104.41777439334267, "f3_f3": 103.62177375215812, "f4_f4": 106.0899579675634, "f5_f5": 105.69365147752173, "left_f1_2": 29.753237056837445, "left_f1_p": 14.159084538230426, "left_f1_p_plain": 13.922634119462419, "left_f2_3": 24.64382591376826, "left_f2_p": 14.432741427809047, "left_f2_p_plain": 22.613856111196785, "left_f3_4": 14.15351797925841, "left_f3_p": 28.353495454813054, "left_f3_p_plain": 21.540815987932096, "left_f4_5": 8.938692904056058, "left_f4_p": 26.610169782372264, "left_f4_p_plain": 19.786965264812203, "left_f5_p": 20.62774585229885, "left_f5_p_plain": 16.000835929980514, "palm_distance": 79.7395413208775, "right_f1_2": 27.247372072849227, "right_f1_p": 13.182119970630284, "right_f1_p_plain": 15.052243279772371, "right_f2_3": 27.48564978672895, "right_f2_p": 10.767880853554862, "right_f2_p_plain": 23.703031847809562, "right_f3_4": 10.254736260591, "right_f3_p": 29.977585703363324, "right_f3_p_plain": 20.447942168942657, "right_f4_5": 10.017148784913788, "right_f4_p": 28.018472353990152, "right_f4_p_plain": 19.218831225666378, "right_f5_p": 22.24235351636399, "right_f5_p_plain": 14.902154968698907}