{"right_index_tipPosition_0": -20.80355745187809, "right_index_tipPosition_1": 223.81872292374848, "right_index_tipPosition_2": -17.302244146183124, "right_middle_tipPosition_0": -9.312818936558815, "right_middle_tipPosition_1": 209.51641163276796, "right_middle_tipPosition_2": -5.659176909468578, "right_ring_tipPosition_0": 5.00717018175524, "right_ring_tipPosition_1": 199.46249252769627, "right_ring_tipPosition_2": -1.1851808551151257, "right_pinky_tipPosition_0": 20.275191462350705, "right_pinky_tipPosition_1": 193.35009807010633, "right_pinky_tipPosition_2": 0.5189652876925978, "right_thumb_tipPosition_0": -37.12767352492645, "right_thumb_tipPosition_1": 225.83509641924957, "right_thumb_tipPosition_2": 22.218018700190445, "right_palmVelocity_0": 0.47480861164964405, "right_palmVelocity_1": 0.3341018882638045, "right_palmVelocity_2": 0.6528236492989465, "right_pinchDistance": 47.60874063155626, "right_grabAngle": 2.0018254904795496, "right_direction_0": -0.1758867742773075}