{"right_index_tipPosition_0": 65.53910105864632, "right_index_tipPosition_1": 48.5488758252743, "right_index_tipPosition_2": 71.97790759187806, "right_middle_tipPosition_0": 63.13034606724493, "right_middle_tipPosition_1": 48.083882733773805, "right_middle_tipPosition_2": 77.64981945220153, "right_ring_tipPosition_0": 62.277368783875374, "right_ring_tipPosition_1": 44.899424429562465, "right_ring_tipPosition_2": 76.9556000116882, "right_pinky_tipPosition_0": 62.5745521799481, "right_pinky_tipPosition_1": 43.61455501944866, "right_pinky_tipPosition_2": 72.74569915239017, "right_thumb_tipPosition_0": 63.53683797090888, "right_thumb_tipPosition_1": 51.2227355654191, "right_thumb_tipPosition_2": 67.19471535789245, "right_palmVelocity_0": 61.85547037807572, "right_palmVelocity_1": 66.74590320034595, "right_palmVelocity_2": 51.969207113085034, "right_pinchDistance": 21.868496078312244, "right_grabAngle": 1.0553403853026562, "right_direction_0": 0.1880884664662688}